ID,site,longitude,long.recenter,latitude,depth_avg,tags,long.recenter.new,latitude.new,Shifted
1,AA,179.2251,179.2251,-17.97855,7,Marine Ecology Consulting Fiji,179.2251,-17.97855,0
2,Ada01,-179.01408,180.98592,-17.19859,8,WCS Fiji,180.98592,-17.19859,0
3,Ada04,-179.01196,180.98804,-17.2061,4.6,WCS Fiji,180.98804,-17.2061,0
4,BA02,177.650742,177.650742,-17.379581,9.67,Fiji Ministry of Fisheries,177.650742,-17.379581,0
5,BA03,177.621112,177.621112,-17.398367,10,Fiji Ministry of Fisheries,177.621112,-17.398367,0
6,BA04,177.59908,177.59908,-17.41175,10,Fiji Ministry of Fisheries,177.59908,-17.41175,0
7,BA05,177.565322,177.565322,-17.445179,10,Fiji Ministry of Fisheries,177.565322,-17.445179,0
8,BA07,177.555348,177.555348,-17.467203,10,Fiji Ministry of Fisheries,177.555348,-17.467203,0
9,BA08,177.602369,177.602369,-17.362855,10,Fiji Ministry of Fisheries,177.602369,-17.362855,0
10,BA09,177.632463,177.632463,-17.366208,10,Fiji Ministry of Fisheries,177.632463,-17.366208,0
11,BA10,177.626654,177.626654,-17.347054,10,Fiji Ministry of Fisheries,177.626654,-17.347054,0
12,BA11,177.541657,177.541657,-17.257225,10,Fiji Ministry of Fisheries,177.541657,-17.257225,0
13,BA12,177.535525,177.535525,-17.261478,10,Fiji Ministry of Fisheries,177.535525,-17.261478,0
14,BA15,177.52339,177.52339,-17.23774,9,Fiji Ministry of Fisheries,177.52339,-17.23774,0
15,BA16,177.5209,177.5209,-17.236976,10,Fiji Ministry of Fisheries,177.5209,-17.236976,0
16,BU01,178.7739944,178.7739944,-17.75097551,1,WCS Fiji,178.7739944,-17.75097551,0
17,BU01N,178.77,178.77,-17.752,3.7,WCS Fiji,178.77,-17.752,0
18,BU02,178.76,178.76,-17.746,3,WCS Fiji,178.76,-17.746,0
19,BU03,178.59043,178.59043,-17.734462,2.33,WCS Fiji,178.59043,-17.734462,0
20,BU04,178.741848,178.741848,-17.71958293,2,WCS Fiji,178.741848,-17.71958293,0
21,BU05,178.7364636,178.7364636,-17.69145574,1.5,WCS Fiji,178.7364636,-17.69145574,0
22,BU07,178.761011,178.761011,-17.630935,2.62,WCS Fiji,178.761011,-17.630935,0
23,BU08,178.751,178.751,-17.725,2.72,WCS Fiji,178.751,-17.725,0
24,BU09,178.778,178.778,-17.751,2.9,WCS Fiji,178.778,-17.751,0
25,BU10,178.77931,178.77931,-17.61911,2.6,WCS Fiji,178.77931,-17.61911,0
26,BUA01A,178.351275,178.351275,-16.8277,7.57,WCS Fiji,178.351275,-16.8277,0
27,BUA01B,178.358538,178.358538,-16.821882,1,WCS Fiji,178.358538,-16.821882,0
28,BUA02A,178.173314,178.173314,-16.811301,5,WCS Fiji,178.173314,-16.811301,0
29,BUA03A,178.479504,178.479504,-16.889472,0.83,WCS Fiji,178.479504,-16.889472,0
30,BUA04,178.47759,178.47759,-16.896101,5.77,WCS Fiji,178.47759,-16.896101,0
31,BUA05,178.450133,178.450133,-16.946311,6.67,WCS Fiji,178.450133,-16.946311,0
32,BUA06A,178.476185,178.476185,-16.954782,9.33,WCS Fiji,178.476185,-16.954782,0
33,BUA07A,178.557182,178.557182,-16.83297,4.17,WCS Fiji,178.557182,-16.83297,0
34,BUA08A,178.543537,178.543537,-16.8494,5.47,WCS Fiji,178.543537,-16.8494,0
35,BUA09A,178.324957,178.324957,-16.803491,2,WCS Fiji,178.324957,-16.803491,0
36,BUA10A,178.273199,178.273199,-16.837014,6.5,WCS Fiji,178.273199,-16.837014,0
37,BUA10B,178.275178,178.275178,-16.829014,1.2,WCS Fiji,178.275178,-16.829014,0
38,BUA12A,178.483719,178.483719,-16.677986,6.67,WCS Fiji,178.483719,-16.677986,0
39,BUA17A,178.407411,178.407411,-16.775919,4.4,WCS Fiji,178.407411,-16.775919,0
40,BUA19,178.569836,178.569836,-16.826757,1.5,WCS Fiji,178.569836,-16.826757,0
41,BUA20A,178.555602,178.555602,-16.856581,5.47,WCS Fiji,178.555602,-16.856581,0
42,BUA22A,178.167516,178.167516,-16.81341,1.2,WCS Fiji,178.167516,-16.81341,0
43,BUA24A,178.523042,178.523042,-16.838822,4.88,WCS Fiji,178.523042,-16.838822,0
44,BUA25,178.539783,178.539783,-16.84262,4.75,WCS Fiji,178.539783,-16.84262,0
45,BUA25A,178.476461,178.476461,-16.688053,8,WCS Fiji,178.476461,-16.688053,0
46,Bua29,178.502376,178.502376,-16.71312,5.97,WCS Fiji,178.5,-16.66666667,1
47,BUA31A,178.420775,178.420775,-16.767019,7,WCS Fiji,178.420775,-16.767019,0
48,BUA39,178.268345,178.268345,-16.794912,3.77,WCS Fiji,178.268345,-16.794912,0
49,BUA40,178.30382,178.30382,-16.838237,5.5,WCS Fiji,178.30382,-16.838237,0
50,BUA41,178.289428,178.289428,-16.837973,2,WCS Fiji,178.289428,-16.837973,0
51,BUA42,178.307337,178.307337,-16.798135,6.67,WCS Fiji,178.307337,-16.798135,0
52,BUA43,178.291324,178.291324,-16.796831,1.5,WCS Fiji,178.291324,-16.796831,0
53,BUA44,178.324181,178.324181,-16.846508,4.33,WCS Fiji,178.324181,-16.846508,0
54,BUA45,178.327748,178.327748,-16.830834,8,WCS Fiji,178.327748,-16.830834,0
55,BUA46,178.21648,178.21648,-16.833632,6.67,WCS Fiji,178.21648,-16.833632,0
56,BUA47,178.376654,178.376654,-16.827814,8.07,WCS Fiji,178.376654,-16.827814,0
57,BuC1,178.708,178.708,-17.64,7.63,WCS Fiji,178.708,-17.64,0
58,BuC2,178.703,178.703,-17.652,7.37,WCS Fiji,178.703,-17.652,0
59,BuC3,178.745,178.745,-17.642,7.53,WCS Fiji,178.745,-17.642,0
60,BuC4,178.745,178.745,-17.652,6.87,WCS Fiji,178.745,-17.652,0
61,BuC5,178.758,178.758,-17.63,7.8,WCS Fiji,178.758,-17.63,0
62,BuC6,178.693,178.693,-17.675,8.13,WCS Fiji,178.693,-17.675,0
63,BuE1,178.74001,178.74001,-17.736001,7.1,WCS Fiji,178.74001,-17.736001,0
64,BuE2,178.74,178.74,-17.699,7.37,WCS Fiji,178.74,-17.699,0
65,BuE3,178.751,178.751,-17.726,1.3,WCS Fiji,178.751,-17.726,0
66,BuE4,178.724,178.724,-17.759,5.6,WCS Fiji,178.724,-17.759,0
67,BuE5,178.712,178.712,-17.714,7.8,WCS Fiji,178.712,-17.714,0
68,BuE6,178.715,178.715,-17.706,7.97,WCS Fiji,178.715,-17.706,0
69,C13,178.9761,178.9761,-17.0476,9.15,WCS Fiji,178.9761,-17.0476,0
70,C3,179.020033,179.020033,-17.063367,9.42,WCS Fiji,179.020033,-17.063367,0
71,C5,179.0013,179.0013,-17.060783,9.6,WCS Fiji,179.0013,-17.060783,0
72,CH1,178.7336,178.7336,-16.327467,11,Fiji Ministry of Fisheries,178.7336,-16.327467,0
73,CH2A,179.278717,179.278717,-16.3154,11,Fiji Ministry of Fisheries,179.278717,-16.3154,0
74,CH2B,179.28155,179.28155,-16.320883,10,Fiji Ministry of Fisheries,179.28155,-16.320883,0
75,CH4A,178.91351,178.91351,-16.32829,10,Fiji Ministry of Fisheries,178.91351,-16.32829,0
76,CH4B,178.92305,178.92305,-16.324833,10,Fiji Ministry of Fisheries,178.92305,-16.324833,0
77,CH5,179.75037,179.75037,-16.15627,12.5,Fiji Ministry of Fisheries,179.75037,-16.15627,0
78,Dakuibeqa_Lagoon1,178.133,178.133,-18.416,6,ZMT (Leibniz Centre for Tropical Marine Research),178.133,-18.416,0
79,Dakuibeqa_Lagoon2,178.136,178.136,-18.419,6,ZMT (Leibniz Centre for Tropical Marine Research),178.136,-18.419,0
80,Dakuibeqa_Lagoon3,178.133,178.133,-18.422,6,ZMT (Leibniz Centre for Tropical Marine Research),178.133,-18.422,0
81,Dakuni_Lagoon_Tabu,178.156,178.156,-18.41,6,ZMT (Leibniz Centre for Tropical Marine Research),178.156,-18.41,0
82,Dakuni_Lagoon1,178.149,178.149,-18.405,6,ZMT (Leibniz Centre for Tropical Marine Research),178.149,-18.405,0
83,Dakuni_Lagoon2,178.149,178.149,-18.412,6,ZMT (Leibniz Centre for Tropical Marine Research),178.149,-18.412,0
84,Dakuni_Lagoon3,178.147,178.147,-18.414,6,ZMT (Leibniz Centre for Tropical Marine Research),178.147,-18.414,0
85,Dakuni_Plat,178.154,178.154,-18.425,3,ZMT (Leibniz Centre for Tropical Marine Research),178.154,-18.425,0
86,Dakuni_Plat_Tabu,178.165,178.165,-18.42,3,ZMT (Leibniz Centre for Tropical Marine Research),178.165,-18.42,0
87,DAM01A,178.510498,178.510498,-16.852215,8.17,WCS Fiji,178.510498,-16.852215,0
88,DAM02A,178.528919,178.528919,-16.858351,10,WCS Fiji,178.528919,-16.858351,0
89,DAM05,178.553044,178.553044,-16.886121,1,WCS Fiji,178.553044,-16.886121,0
90,DAM06A,178.511939,178.511939,-16.9179,1.8,WCS Fiji,178.511939,-16.9179,0
91,DAM07,178.594869,178.594869,-16.909849,1.67,WCS Fiji,178.594869,-16.909849,0
92,DAM08A,178.60393,178.60393,-16.8902,1.67,WCS Fiji,178.60393,-16.8902,0
93,DAM10A,178.604294,178.604294,-16.92092,8.4,WCS Fiji,178.604294,-16.92092,0
94,DAM13A,178.487678,178.487678,-16.952751,7,WCS Fiji,178.487678,-16.952751,0
95,DAM14,178.56121,178.56121,-16.933671,1.5,WCS Fiji,178.56121,-16.933671,0
96,DAM15A,178.62169,178.62169,-16.933946,9,WCS Fiji,178.62169,-16.933946,0
97,DAM16A,178.604418,178.604418,-16.91069,2,WCS Fiji,178.604418,-16.91069,0
98,DAM17A,178.566264,178.566264,-16.870412,1,WCS Fiji,178.566264,-16.870412,0
99,DAM18,178.487088,178.487088,-16.943229,4.33,WCS Fiji,178.487088,-16.943229,0
100,DAM19,178.507157,178.507157,-16.935588,8.37,WCS Fiji,178.507157,-16.935588,0
101,DAM20,178.619,178.619,-16.888132,1,WCS Fiji,178.619,-16.888132,0
102,DAM22,178.569678,178.569678,-16.938472,8.2,WCS Fiji,178.569678,-16.938472,0
103,DAM24,178.568761,178.568761,-16.902319,5,WCS Fiji,178.568761,-16.902319,0
104,DamC1,178.5269,178.5269,-16.83556,6.37,WCS Fiji,178.5269,-16.83556,0
105,DamC3,178.552961,178.552961,-16.839076,5,WCS Fiji,178.552961,-16.839076,0
106,DamC4,178.559994,178.559994,-16.850734,7.1,WCS Fiji,178.559994,-16.850734,0
107,DamC5,178.5478,178.5478,-16.85472,6.57,WCS Fiji,178.5478,-16.85472,0
108,DamC8,178.537336,178.537336,-16.845049,6.9,WCS Fiji,178.537336,-16.845049,0
109,DamE1,178.60001,178.60001,-16.91083,6.57,WCS Fiji,178.60001,-16.91083,0
110,DamE2,178.6211,178.6211,-16.9225,6.53,WCS Fiji,178.6211,-16.9225,0
111,DamE4,178.6214,178.6214,-16.91611,5.8,WCS Fiji,178.6214,-16.91611,0
112,DamE5,178.5906,178.5906,-16.90917,6,WCS Fiji,178.5906,-16.90917,0
113,DamE6,178.6192,178.6192,-16.91833,6.27,WCS Fiji,178.6192,-16.91833,0
114,DamE7,178.6014,178.6014,-16.91833,6.67,WCS Fiji,178.6014,-16.91833,0
115,DawaC1,178.559,178.559,-17.627,4.63,WCS Fiji,178.559,-17.627,0
116,DawaC2,178.558,178.558,-17.605,8.07,WCS Fiji,178.558,-17.605,0
117,DawaC3,178.582,178.582,-17.632,7.37,WCS Fiji,178.582,-17.632,0
118,DawaC4,178.553,178.553,-17.579,6.27,WCS Fiji,178.553,-17.579,0
119,DawaC5,178.601,178.601,-17.702,7.17,WCS Fiji,178.601,-17.702,0
120,DawaC6,178.61905,178.61905,-17.6759,7.03,WCS Fiji,178.61905,-17.6759,0
121,DawaE1,178.48918,178.48918,-17.57421,4.4,WCS Fiji,178.48918,-17.57421,0
122,DawaE2,178.474,178.474,-17.565,4.33,WCS Fiji,178.474,-17.565,0
123,DawaE3,178.463,178.463,-17.555,5.67,WCS Fiji,178.463,-17.555,0
124,DawaE4,178.482,178.482,-17.556,4.9,WCS Fiji,178.482,-17.556,0
125,DawaE5,178.5,178.5,-17.542,6.75,WCS Fiji,178.5,-17.542,0
126,DawaE6,178.508,178.508,-17.546,6.23,WCS Fiji,178.508,-17.546,0
127,E6,178.5923,178.5923,-17.32933,12,Marine Ecology Consulting Fiji,178.5923,-17.32933,0
128,Fish patch,178.3997,178.3997,-18.15967,10,Marine Ecology Consulting Fiji,178.3997,-18.15967,0
129,GS01,178.320863,178.320863,-16.39027,10,Fiji Ministry of Fisheries,178.320863,-16.39027,0
130,GS03,178.335652,178.335652,-16.411183,10,Fiji Ministry of Fisheries,178.335652,-16.411183,0
131,GS04,178.33055,178.33055,-16.415195,12,Fiji Ministry of Fisheries,178.33055,-16.415195,0
132,GS05,178.281872,178.281872,-16.428833,10,Fiji Ministry of Fisheries,178.281872,-16.428833,0
133,GS06,178.27373,178.27373,-16.43682,12,Fiji Ministry of Fisheries,178.27373,-16.43682,0
134,GS07,178.88593,178.88593,-16.31936,7,Fiji Ministry of Fisheries,178.88593,-16.31936,0
135,GWW,179.9068333,179.9068333,-16.79817,8,Marine Ecology Consulting Fiji,179.9068333,-16.79817,0
136,Horse1,178.60028,178.60028,-17.48974,7.33,WCS Fiji,178.60028,-17.48974,0
137,Horse2,178.59187,178.59187,-17.50096,7.45,WCS Fiji,178.59187,-17.50096,0
138,Horse3,178.60004,178.60004,-17.50477,8.53,WCS Fiji,178.60004,-17.50477,0
139,IB1,178.751517,178.751517,-16.469517,10,Fiji Ministry of Fisheries,178.751517,-16.469517,0
140,IB2,179.297667,179.297667,-16.324367,10,Fiji Ministry of Fisheries,179.297667,-16.324367,0
141,IB3,179.104617,179.104617,-16.230117,10,Fiji Ministry of Fisheries,179.104617,-16.230117,0
142,IB4,179.768017,179.768017,-16.1715,12,Fiji Ministry of Fisheries,179.768017,-16.1715,0
143,IB5,179.499233,179.499233,-16.174517,2.1,Fiji Ministry of Fisheries,179.499233,-16.174517,0
144,IP1,178.828214,178.828214,-16.48624,8,Fiji Ministry of Fisheries,178.828214,-16.48624,0
145,IP2,179.330067,179.330067,-16.35655,5,Fiji Ministry of Fisheries,179.330067,-16.35655,0
146,IP3,179.168,179.168,-16.390467,10,Fiji Ministry of Fisheries,179.1666667,-16.33333333,1
147,IP3.5,179.153617,179.153617,-16.375133,10,Fiji Ministry of Fisheries,179.1666667,-16.33333333,1
148,IP4,179.027667,179.027667,-16.3885,10,Fiji Ministry of Fisheries,179.027667,-16.3885,0
149,IP4.5,179.550667,179.550667,-16.215217,8.3,Fiji Ministry of Fisheries,179.5833333,-16.16666667,1
150,IP5,179.067801,179.067801,-16.393909,9,Fiji Ministry of Fisheries,179.067801,-16.393909,0
151,IP6,179.19535,179.19535,-16.373951,10,Fiji Ministry of Fisheries,179.19535,-16.373951,0
152,IP7,179.194997,179.194997,-16.390431,10,Fiji Ministry of Fisheries,179.1666667,-16.33333333,1
153,K_D1,179.0488339,179.0488339,-16.1805119,9.7,WCS Fiji,179.0488339,-16.1805119,0
154,K_D2,179.03596,179.03596,-16.20976,9.7,WCS Fiji,179.03596,-16.20976,0
155,K_D2D3,179.03047,179.03047,-16.23057,7,WCS Fiji,179.03047,-16.23057,0
156,K_D3,179.0341539,179.0341539,-16.2404619,9.6,WCS Fiji,179.0341539,-16.2404619,0
157,K_E10,179.0373739,179.0373739,-16.2900919,9.5,WCS Fiji,179.0373739,-16.2900919,0
158,K_E9,179.0395239,179.0395239,-16.2805319,9.4,WCS Fiji,179.0395239,-16.2805319,0
159,Kan03,-179.13147,180.86853,-17.25385,2.33,WCS Fiji,180.86853,-17.25385,0
160,Kan04,-179.08215,180.91785,-17.22413,9.5,WCS Fiji,180.91785,-17.22413,0
161,Kan05,-179.17772,180.82228,-17.26847,9.3,WCS Fiji,180.82228,-17.26847,0
162,Kan06,-179.17595,180.82405,-17.25014,8.87,WCS Fiji,180.82405,-17.25014,0
163,Kan07,-179.12773,180.87227,-17.25005,9.23,WCS Fiji,180.87227,-17.25005,0
164,Kan08,-179.13928,180.86072,-17.24601,4.1,WCS Fiji,180.86072,-17.24601,0
165,Kan09,-179.13474,180.86526,-17.24883,1,WCS Fiji,180.86526,-17.24883,0
166,KB001,179.1193487,179.1193487,-17.09066817,9.1,WCS Fiji,179.1193487,-17.09066817,0
167,KB01,178.99554,178.99554,-16.94233,9.52,WCS Fiji,178.99554,-16.94233,0
168,KB02,179.00986,179.00986,-16.94825,12.8,WCS Fiji,179.00986,-16.94825,0
169,KB03,179.1268,179.1268,-17.1556,8.39,WCS Fiji,179.1268,-17.1556,0
170,KB04,179.1319,179.1319,-17.10321,9.75,WCS Fiji,179.1319,-17.10321,0
171,KB05,179.1381,179.1381,-17.10741,9.03,WCS Fiji,179.1381,-17.10741,0
172,KB06,179.0342,179.0342,-17.0712,7,WCS Fiji,179.0342,-17.0712,0
173,KB07,179.04076,179.04076,-17.08317,9,WCS Fiji,179.04076,-17.08317,0
174,KB09,178.99922,178.99922,-16.96729,7.53,WCS Fiji,178.99922,-16.96729,0
175,KB10,179.0636,179.0636,-16.9428,10.3,WCS Fiji,179.0636,-16.9428,0
176,KB11,179.0698,179.0698,-16.9383,9.09,WCS Fiji,179.0698,-16.9383,0
177,KB12,179.1052,179.1052,-16.8526,12,WCS Fiji,179.1052,-16.8526,0
178,KB13,179.1059,179.1059,-16.91,10.4,WCS Fiji,179.1059,-16.91,0
179,KB14,179.1018,179.1018,-16.889,9.5,WCS Fiji,179.1018,-16.889,0
180,KB15,179.08084,179.08084,-16.93207,9.32,WCS Fiji,179.08084,-16.93207,0
181,KB17,179.00135,179.00135,-16.95352,7.88,WCS Fiji,179.00135,-16.95352,0
182,KBO6,179.03417,179.03417,-17.07122,8,WCS Fiji,179.03417,-17.07122,0
183,KD2,179.3717,179.3717,-17.3392,1.5,WCS Fiji,179.3717,-17.3392,0
184,KD3,179.3779,179.3779,-17.3688,6.3,WCS Fiji,179.3333333,-17.33333333,1
185,KR7,178.97691,178.97691,-16.9439,7.8,WCS Fiji,178.97691,-16.9439,0
186,KR9,179.0974,179.0974,-16.8366,5.64,WCS Fiji,179.0974,-16.8366,0
187,LKN01,178.6986,178.6986,-16.519228,1.5,WCS Fiji,178.6986,-16.519228,0
188,LKN02A,178.776548,178.776548,-16.483683,2,WCS Fiji,178.776548,-16.483683,0
189,LKN05A,178.684113,178.684113,-16.572249,7,WCS Fiji,178.684113,-16.572249,0
190,LKN06A,178.695908,178.695908,-16.571406,1.23,WCS Fiji,178.695908,-16.571406,0
191,LKN07A,178.692922,178.692922,-16.588698,6.13,WCS Fiji,178.692922,-16.588698,0
192,LKN08A,178.695599,178.695599,-16.584868,5,WCS Fiji,178.695599,-16.584868,0
193,LKN11A,178.618038,178.618038,-16.602339,6.13,WCS Fiji,178.6666667,-16.58333333,1
194,LKN13A,178.496722,178.496722,-16.637449,6.33,WCS Fiji,178.496722,-16.637449,0
195,LKN14,178.538709,178.538709,-16.619766,0.5,WCS Fiji,178.538709,-16.619766,0
196,LKN15,178.679571,178.679571,-16.505782,1.3,WCS Fiji,178.679571,-16.505782,0
197,LKN17A,178.624206,178.624206,-16.544447,5.67,WCS Fiji,178.6666667,-16.58333333,1
198,LKN20A,178.662773,178.662773,-16.544822,5.43,WCS Fiji,178.662773,-16.544822,0
199,LKN21A,178.750171,178.750171,-16.510794,2,WCS Fiji,178.750171,-16.510794,0
200,LKN24A,178.766056,178.766056,-16.497988,8.6,WCS Fiji,178.766056,-16.497988,0
201,LKN27,178.504697,178.504697,-16.655603,7.07,WCS Fiji,178.504697,-16.655603,0
202,LKN29A,178.510654,178.510654,-16.617495,7.4,WCS Fiji,178.510654,-16.617495,0
203,LKN30,178.50536,178.50536,-16.634864,6.23,WCS Fiji,178.50536,-16.634864,0
204,LKN31A,178.49641,178.49641,-16.672689,2,WCS Fiji,178.49641,-16.672689,0
205,LKN33A,178.749017,178.749017,-16.481716,5.33,WCS Fiji,178.749017,-16.481716,0
206,LKN34A,178.738048,178.738048,-16.524794,0.83,WCS Fiji,178.738048,-16.524794,0
207,LKN35A,178.726918,178.726918,-16.5302,7.17,WCS Fiji,178.726918,-16.5302,0
208,LKN36,178.66492,178.66492,-16.521164,6.8,WCS Fiji,178.66492,-16.521164,0
209,LKN37A,178.649745,178.649745,-16.514113,8,WCS Fiji,178.649745,-16.514113,0
210,LKN38,178.528198,178.528198,-16.591495,5.53,WCS Fiji,178.528198,-16.591495,0
211,LKN49A,178.610994,178.610994,-16.626171,1,WCS Fiji,178.6666667,-16.58333333,1
212,LKN53A,178.607849,178.607849,-16.5446,6,WCS Fiji,178.5833333,-16.5,1
213,LKN55A,178.547607,178.547607,-16.585149,1.5,WCS Fiji,178.5,-16.58333333,1
214,LKN68,178.634581,178.634581,-16.578535,7.33,WCS Fiji,178.634581,-16.578535,0
215,LKN69,178.609725,178.609725,-16.568415,1,WCS Fiji,178.6666667,-16.58333333,1
216,LKN70,178.642406,178.642406,-16.538965,1.33,WCS Fiji,178.642406,-16.538965,0
217,LKN71,178.660499,178.660499,-16.615225,6.67,WCS Fiji,178.660499,-16.615225,0
218,LKN72,178.643376,178.643376,-16.554424,6.3,WCS Fiji,178.643376,-16.554424,0
219,LKNGT,178.689202,178.689202,-16.627012,2.3,WCS Fiji,178.6666667,-16.58333333,1
220,LV01,178.79463,178.79463,-17.61747,2.83,WCS Fiji,178.79463,-17.61747,0
221,LV02,178.81602,178.81602,-17.62546,7.1,WCS Fiji,178.81602,-17.62546,0
222,LV03,178.82092,178.82092,-17.63989,3.33,WCS Fiji,178.82092,-17.63989,0
223,LV05,178.8392,178.8392,-17.65785,3.23,WCS Fiji,178.8392,-17.65785,0
224,LV07,178.7440167,178.7440167,-17.65547269,1.5,WCS Fiji,178.7440167,-17.65547269,0
225,LV08,178.82516,178.82516,-17.598,5.23,WCS Fiji,178.82516,-17.598,0
226,LV12,178.85141,178.85141,-17.56563,7.8,WCS Fiji,178.85141,-17.56563,0
227,LV13,178.83603,178.83603,-17.61565,7.93,WCS Fiji,178.83603,-17.61565,0
228,LV14,178.8465614,178.8465614,-17.66594123,7.77,WCS Fiji,178.8465614,-17.66594123,0
229,LV15,178.84181,178.84181,-17.64949,9,WCS Fiji,178.84181,-17.64949,0
230,LV16,178.82857,178.82857,-17.65072,2.63,WCS Fiji,178.82857,-17.65072,0
231,LV17,178.7079048,178.7079048,-17.65350977,7.8,WCS Fiji,178.7079048,-17.65350977,0
232,LW03,177.301778,177.301778,-17.568944,10,Fiji Ministry of Fisheries,177.301778,-17.568944,0
233,LW04,177.30389,177.30389,-17.56387,9,Fiji Ministry of Fisheries,177.30389,-17.56387,0
234,LW07,177.448437,177.448437,-17.586279,10,Fiji Ministry of Fisheries,177.448437,-17.586279,0
235,LW11,177.0869,177.0869,-17.57027,9,Fiji Ministry of Fisheries,177.0869,-17.57027,0
236,LW12,177.075833,177.075833,-17.575778,9,Fiji Ministry of Fisheries,177.075833,-17.575778,0
237,LW13,177.085111,177.085111,-17.57275,10,Fiji Ministry of Fisheries,177.085111,-17.57275,0
238,LW14,177.0905,177.0905,-17.583833,5,Fiji Ministry of Fisheries,177.0905,-17.583833,0
239,MAP01,179.028741,179.028741,-16.937449,7.25,WCS Fiji,179.028741,-16.937449,0
240,MAP02,179.0367,179.0367,-16.9191,5,WCS Fiji,179.0367,-16.9191,0
241,MAP06,179.0801,179.0801,-16.8369,5.67,WCS Fiji,179.0801,-16.8369,0
242,MAP07,178.9698,178.9698,-16.9599,6,WCS Fiji,178.9698,-16.9599,0
243,MAP08,178.976039,178.976039,-16.9926,4,WCS Fiji,178.976039,-16.9926,0
244,MAP09,178.9781,178.9781,-16.9592,6,WCS Fiji,178.9781,-16.9592,0
245,MAP10,178.9824,178.9824,-16.9774,4,WCS Fiji,178.9824,-16.9774,0
246,MAP11,178.9722,178.9722,-16.9754,6,WCS Fiji,178.9722,-16.9754,0
247,MAP12,179.0036,179.0036,-16.9413,6,WCS Fiji,179.0036,-16.9413,0
248,MAP13,179.0934,179.0934,-16.8877,6,WCS Fiji,179.0934,-16.8877,0
249,MAP14,179.0919,179.0919,-16.902,6,WCS Fiji,179.0919,-16.902,0
250,MAP15,179.0788,179.0788,-16.1596,6,WCS Fiji,179.0788,-16.1596,0
251,MAP16A,179.0766,179.0766,-16.9205,6,WCS Fiji,179.0766,-16.9205,0
252,MAP17,179.0666,179.0666,-16.9141,5,WCS Fiji,179.0666,-16.9141,0
253,MAP18,179.0757,179.0757,-16.8864,1.53,WCS Fiji,179.0757,-16.8864,0
254,MAP19,179.0537,179.0537,-16.912,6,WCS Fiji,179.0537,-16.912,0
255,MAP20A,179.0912,179.0912,-16.8417,1.5,WCS Fiji,179.0912,-16.8417,0
256,MAP21,179.0932,179.0932,-16.8541,5,WCS Fiji,179.0932,-16.8541,0
257,MAP26,179.0932,179.0932,-17.1129,3.3,WCS Fiji,179.0932,-17.1129,0
258,MAP28,179.0415,179.0415,-16.8656,4,WCS Fiji,179.0833333,-16.83333333,1
259,MAP30A,179.1206,179.1206,-17.0922,6.2,WCS Fiji,179.1206,-17.0922,0
260,MAP31A,179.1106,179.1106,-17.0728,8,WCS Fiji,179.1106,-17.0728,0
261,MAP32,179.0574,179.0574,-17.0463,8,WCS Fiji,179.0574,-17.0463,0
262,MD1,179.3662,179.3662,-17.3951,7.63,WCS Fiji,179.3662,-17.3951,0
263,MD4,179.3866,179.3866,-17.4045,10,WCS Fiji,179.3866,-17.4045,0
264,MD6,179.4036,179.4036,-17.3865,9.2,WCS Fiji,179.4036,-17.3865,0
265,MM,178.5227,178.5227,-17.3335,12,Marine Ecology Consulting Fiji,178.5227,-17.3335,0
266,MM1,178.5225964,178.5225964,-17.3453951,7.36,WCS Fiji,178.5225964,-17.3453951,0
267,MO1,178.9554,178.9554,-17.0485,12.78,WCS Fiji,178.9554,-17.0485,0
268,MO4,178.99725,178.99725,-16.975417,9.09,WCS Fiji,178.99725,-16.975417,0
269,Moon1,178.52386,178.52386,-17.53041,8.37,WCS Fiji,178.52386,-17.53041,0
270,Moon2,178.51248,178.51248,-17.52593,7.73,WCS Fiji,178.51248,-17.52593,0
271,Moon3,178.51619,178.51619,-17.51915,8.1,WCS Fiji,178.51619,-17.51915,0
272,N19,179.098733,179.098733,-17.1457,8.9,WCS Fiji,179.098733,-17.1457,0
273,N20,179.09155,179.09155,-17.140016,8.92,WCS Fiji,179.09155,-17.140016,0
274,NA02,178.82768,178.82768,-17.72484,2,WCS Fiji,178.82768,-17.72484,0
275,NA03,178.8100433,178.8100433,-17.74018493,3,WCS Fiji,178.8100433,-17.74018493,0
276,NA05,178.85115,178.85115,-17.72,8.6,WCS Fiji,178.85115,-17.72,0
277,NA07,178.84105,178.84105,-17.73409,8,WCS Fiji,178.84105,-17.73409,0
278,NAD001,178.9151571,178.9151571,-17.05482602,8.07,WCS Fiji,178.9151571,-17.05482602,0
279,NAD002,178.910541,178.910541,-17.05102458,3.67,WCS Fiji,178.910541,-17.05102458,0
280,NAD004,178.9373656,178.9373656,-17.03807619,7.5,WCS Fiji,178.9373656,-17.03807619,0
281,NAD005,178.9203162,178.9203162,-17.0347327,2.33,WCS Fiji,178.9203162,-17.0347327,0
282,NAD006,178.9222169,178.9222169,-17.03120279,5,WCS Fiji,178.9222169,-17.03120279,0
283,NAD007,178.7929679,178.7929679,-16.96630678,1.2,WCS Fiji,178.7929679,-16.96630678,0
284,NAD008,178.8011139,178.8011139,-16.96331994,1,WCS Fiji,178.8011139,-16.96331994,0
285,NAD009,178.8108583,178.8108583,-16.95775539,5.4,WCS Fiji,178.8108583,-16.95775539,0
286,NAD010,178.8060015,178.8060015,-16.9492003,2.47,WCS Fiji,178.8060015,-16.9492003,0
287,NAD012,178.8217503,178.8217503,-16.94132589,6.83,WCS Fiji,178.8217503,-16.94132589,0
288,NAD013,178.8119751,178.8119751,-16.93399454,7.27,WCS Fiji,178.8119751,-16.93399454,0
289,NAD016,178.8198496,178.8198496,-16.92557707,1.5,WCS Fiji,178.8198496,-16.92557707,0
290,NAD019,178.8326115,178.8326115,-16.91987491,2,WCS Fiji,178.8326115,-16.91987491,0
291,NAD020,178.8423867,178.8423867,-16.92340482,5,WCS Fiji,178.8423867,-16.92340482,0
292,NAD021,178.8388568,178.8388568,-16.91254356,3.67,WCS Fiji,178.8388568,-16.91254356,0
293,NAD103,178.911822,178.911822,-17.047288,1,WCS Fiji,178.911822,-17.047288,0
294,NAD111,178.816601,178.816601,-16.951638,1,WCS Fiji,178.816601,-16.951638,0
295,NAD117,178.830992,178.830992,-16.934046,6.5,WCS Fiji,178.830992,-16.934046,0
296,NAO1,178.827,178.827,-17.746,7.12,WCS Fiji,178.827,-17.746,0
297,NAO2N,178.829,178.829,-17.722,4.2,WCS Fiji,178.829,-17.722,0
298,NAO3,178.812,178.812,-17.74,4.88,WCS Fiji,178.812,-17.74,0
299,NAO6,178.838,178.838,-17.74,7.15,WCS Fiji,178.838,-17.74,0
300,NAO7,178.841,178.841,-17.734,7.2,WCS Fiji,178.841,-17.734,0
301,NAOBF1,178.83719,178.83719,-17.64418,5.22,WCS Fiji,178.83719,-17.64418,0
302,NAOBF2,178.83,178.83,-17.631,4.82,WCS Fiji,178.83,-17.631,0
303,NAOBF2,178.83,178.83,-17.631,5.62,WCS Fiji,178.83,-17.631,0
304,NAOBF3,178.825,178.825,-17.598,4.05,WCS Fiji,178.825,-17.598,0
305,NAOBF3,178.825,178.825,-17.598,4.13,WCS Fiji,178.825,-17.598,0
306,NAOBF4,178.819,178.819,-17.595,7.2,WCS Fiji,178.819,-17.595,0
307,NAOBF4,178.819,178.819,-17.595,4.95,WCS Fiji,178.819,-17.595,0
308,NAOBT1,178.831,178.831,-17.622,3.05,WCS Fiji,178.831,-17.622,0
309,NAOBT1,178.831,178.831,-17.622,4.25,WCS Fiji,178.831,-17.622,0
310,NAOBT2,178.829,178.829,-17.618,6.87,WCS Fiji,178.829,-17.618,0
311,NAOBT2,178.829,178.829,-17.618,4.23,WCS Fiji,178.829,-17.618,0
312,NAOBT3,178.83,178.83,-17.614,4.75,WCS Fiji,178.83,-17.614,0
313,NAOBT3,178.83,178.83,-17.614,4.67,WCS Fiji,178.83,-17.614,0
314,NAOCF1,178.82422,178.82422,-17.64391,5.82,WCS Fiji,178.82422,-17.64391,0
315,NAOCF2,178.82054,178.82054,-17.63753,4.98,WCS Fiji,178.82054,-17.63753,0
316,NAOCF3,178.80315,178.80315,-17.62048,5.93,WCS Fiji,178.80315,-17.62048,0
317,NAOCF4,178.79863,178.79863,-17.61859,4.88,WCS Fiji,178.79863,-17.61859,0
318,NAOCT1,178.81694,178.81694,-17.62539,5.68,WCS Fiji,178.81694,-17.62539,0
319,NAOCT2,178.81316,178.81316,-17.62515,4.08,WCS Fiji,178.81316,-17.62515,0
320,Navakavu_Lagoon,178.343,178.343,-18.158,6,ZMT (Leibniz Centre for Tropical Marine Research),178.343,-18.158,0
321,Navakavu_Lagoon_Tabu,178.367,178.367,-18.144,6,ZMT (Leibniz Centre for Tropical Marine Research),178.367,-18.144,0
322,Navakavu_Plat,178.345,178.345,-18.15,3,ZMT (Leibniz Centre for Tropical Marine Research),178.345,-18.15,0
323,Navakavu_Plat_Tabu,178.363,178.363,-18.146,3,ZMT (Leibniz Centre for Tropical Marine Research),178.363,-18.146,0
324,NC1,179.4391,179.4391,-17.2389,8.05,WCS Fiji,179.5,-17.25,1
325,NC2,179.4384,179.4384,-17.2511,8.53,WCS Fiji,179.5,-17.25,1
326,NF1,179.4099,179.4099,-17.3848,5.4,WCS Fiji,179.4099,-17.3848,0
327,NF2,179.41577,179.41577,-17.37898,1.27,WCS Fiji,179.41577,-17.37898,0
328,NF3,179.4189,179.4189,-17.3787,0.93,WCS Fiji,179.4189,-17.3787,0
329,NF4,179.4239,179.4239,-17.3709,0.78,WCS Fiji,179.4166667,-17.41666667,1
330,NF5,179.42178,179.42178,-17.36679,0.85,WCS Fiji,179.4166667,-17.41666667,1
331,NF6,179.42468,179.42468,-17.36799,1.05,WCS Fiji,179.4166667,-17.41666667,1
332,NKC,179.0695,179.0695,-16.8447,5,WCS Fiji,179.0695,-16.8447,0
333,NKT,179.0594,179.0594,-16.8458,4,WCS Fiji,179.0594,-16.8458,0
334,NOB1,179.1038,179.1038,-16.8597,8.83,WCS Fiji,179.1038,-16.8597,0
335,NOB2,179.105,179.105,-16.8978,12.44,WCS Fiji,179.105,-16.8978,0
336,NOB3,179.0686,179.0686,-16.9395,8.65,WCS Fiji,179.0686,-16.9395,0
337,NP1,179.01736,179.01736,-16.94588,7.62,WCS Fiji,179.01736,-16.94588,0
338,NP2,179.0007,179.0007,-16.9461,6,WCS Fiji,179.0007,-16.9461,0
339,NS1,179.4467,179.4467,-17.3378,4.47,WCS Fiji,179.5,-17.33333333,1
340,NS3,179.4217,179.4217,-17.3741,5.5,WCS Fiji,179.4166667,-17.41666667,1
341,NT1,179.4217,179.4217,-17.3741,1,WCS Fiji,179.4166667,-17.41666667,1
342,NT2,179.4206,179.4206,-17.3774,1.6,WCS Fiji,179.4206,-17.3774,0
343,NT3,179.4244,179.4244,-17.3749,2.03,WCS Fiji,179.4166667,-17.41666667,1
344,NTRFN1,178.382,178.382,-17.509,5.73,WCS Fiji,178.382,-17.509,0
345,NTRFN7,178.398,178.398,-17.516,5.32,WCS Fiji,178.398,-17.516,0
346,NTRFT4,178.38,178.38,-17.495,5.72,WCS Fiji,178.38,-17.495,0
347,NTRFT5,178.381,178.381,-17.499,6.1,WCS Fiji,178.381,-17.499,0
348,NTRFT7,178.378,178.378,-17.496,5.53,WCS Fiji,178.378,-17.496,0
349,NTRFT8,178.376,178.376,-17.501,4.73,WCS Fiji,178.376,-17.501,0
350,NV1,179.3578,179.3578,-17.294,6,WCS Fiji,179.3578,-17.294,0
351,NV4,179.3684,179.3684,-17.3146,5.17,WCS Fiji,179.3684,-17.3146,0
352,OB1A,179.034167,179.034167,-16.300117,10,Fiji Ministry of Fisheries,179.034167,-16.300117,0
353,OB1B,179.032683,179.032683,-16.213,10,Fiji Ministry of Fisheries,179.032683,-16.213,0
354,PT2,179.0556,179.0556,-16.8447,8.46,WCS Fiji,179.0556,-16.8447,0
355,Ratstail,178.381,178.381,-18.137,5,ZMT (Leibniz Centre for Tropical Marine Research),178.381,-18.137,0
356,RF13,179.1032,179.1032,-16.9187,9.4,WCS Fiji,179.1032,-16.9187,0
357,RF18,179.0162,179.0162,-16.9932,6.9,WCS Fiji,179.0162,-16.9932,0
358,RF8,179.0873,179.0873,-16.871,9.6,WCS Fiji,179.0873,-16.871,0
359,Site 1,179.308722,179.308722,-16.344039,10,Fiji Ministry of Fisheries,179.308722,-16.344039,0
360,Site 2,179.277861,179.277861,-16.295139,10,Fiji Ministry of Fisheries,179.277861,-16.295139,0
361,Site 3A,179.133472,179.133472,-16.268417,5,Fiji Ministry of Fisheries,179.133472,-16.268417,0
362,Site 4,179.035083,179.035083,-16.240417,10,Fiji Ministry of Fisheries,179.035083,-16.240417,0
363,SOL001A,178.777817,178.777817,-17.094474,8.67,WCS Fiji,178.777817,-17.094474,0
364,SOL002,178.7788483,178.7788483,-17.09148276,1,WCS Fiji,178.7788483,-17.09148276,0
365,SOL003,178.7785938,178.7785938,-17.08747731,8.67,WCS Fiji,178.7785938,-17.08747731,0
366,SOL004,178.785561,178.785561,-17.0930191,7.13,WCS Fiji,178.785561,-17.0930191,0
367,SOL005,178.7883519,178.7883519,-17.09121123,1.3,WCS Fiji,178.7883519,-17.09121123,0
368,SOL006,178.7910955,178.7910955,-17.09089016,7.3,WCS Fiji,178.7910955,-17.09089016,0
369,SOL007,178.797611,178.797611,-17.097643,6,WCS Fiji,178.797611,-17.097643,0
370,SOL008,178.797855,178.797855,-17.093721,1.2,WCS Fiji,178.797855,-17.093721,0
371,SOL009,178.7989416,178.7989416,-17.09107596,5,WCS Fiji,178.7989416,-17.09107596,0
372,SOL010,178.8043404,178.8043404,-17.10324043,8,WCS Fiji,178.8043404,-17.10324043,0
373,SOL012,178.8054584,178.8054584,-17.09637033,8,WCS Fiji,178.8054584,-17.09637033,0
374,SOL013,178.8079022,178.8079022,-17.09066817,8,WCS Fiji,178.8079022,-17.09066817,0
375,SOL014,178.8036246,178.8036246,-17.08766966,8,WCS Fiji,178.8036246,-17.08766966,0
376,SOL015,178.8119751,178.8119751,-17.08578061,5.6,WCS Fiji,178.8119751,-17.08578061,0
377,SOL016,178.8094918,178.8094918,-17.08183199,5.3,WCS Fiji,178.8094918,-17.08183199,0
378,SOL017,178.819578,178.819578,-17.08578061,8,WCS Fiji,178.819578,-17.08578061,0
379,SOL018,178.8184802,178.8184802,-17.08257432,6.2,WCS Fiji,178.8184802,-17.08257432,0
380,SOL019,178.8269094,178.8269094,-17.08876745,8,WCS Fiji,178.8269094,-17.08876745,0
381,SOL021,178.8238992,178.8238992,-17.08116685,8,WCS Fiji,178.8238992,-17.08116685,0
382,SOL022,178.8455915,178.8455915,-17.08821234,10,WCS Fiji,178.8455915,-17.08821234,0
383,SOL023,178.8388568,178.8388568,-17.08469448,1,WCS Fiji,178.8388568,-17.08469448,0
384,SOL024,178.8453735,178.8453735,-17.08306529,1,WCS Fiji,178.8453735,-17.08306529,0
385,SOL025,178.8559632,178.8559632,-17.08523754,1.5,WCS Fiji,178.8559632,-17.08523754,0
386,SOL026,178.864164,178.864164,-17.07838168,8,WCS Fiji,178.864164,-17.07838168,0
387,SOL027,178.8651953,178.8651953,-17.06867413,3.33,WCS Fiji,178.8651953,-17.06867413,0
388,SOL028,178.8730697,178.8730697,-17.06487269,1,WCS Fiji,178.8730697,-17.06487269,0
389,SOL029,178.8907002,178.8907002,-17.06344948,7.7,WCS Fiji,178.8907002,-17.06344948,0
390,SOL030,178.8836594,178.8836594,-17.05699827,4,WCS Fiji,178.8836594,-17.05699827,0
391,SOL031,178.7704546,178.7704546,-17.01453925,1,WCS Fiji,178.7704546,-17.01453925,0
392,SOL033,178.7992132,178.7992132,-16.98151254,1,WCS Fiji,178.7992132,-16.98151254,0
393,SOL034,178.8396713,178.8396713,-17.01898388,1,WCS Fiji,178.8396713,-17.01898388,0
394,SOL035,178.8377706,178.8377706,-17.01681162,8.17,WCS Fiji,178.8377706,-17.01681162,0
395,SOL111,178.8058997,178.8058997,-17.09916913,1.1,WCS Fiji,178.8058997,-17.09916913,0
396,SOL120,178.823896,178.823896,-17.081489,1,WCS Fiji,178.823896,-17.081489,0
397,SOL132,178.7929679,178.7929679,-16.99997668,1.4,WCS Fiji,178.7929679,-16.99997668,0
398,TF1,179.4471,179.4471,-17.30246,7.67,WCS Fiji,179.5,-17.33333333,1
399,TF2,179.45132,179.45132,-17.2996,8.03,WCS Fiji,179.5,-17.33333333,1
400,TF3,179.44435,179.44435,-17.29677,6.8,WCS Fiji,179.5,-17.33333333,1
401,TF4,179.43878,179.43878,-17.27405,7.72,WCS Fiji,179.5,-17.25,1
402,TF5,179.43959,179.43959,-17.26915,7.82,WCS Fiji,179.5,-17.25,1
403,TT1,179.44206,179.44206,-17.29116,7.92,WCS Fiji,179.5,-17.25,1
404,TT2,179.44337,179.44337,-17.287,7.45,WCS Fiji,179.5,-17.25,1
405,TT3,179.4375,179.4375,-17.28759,4.15,WCS Fiji,179.5,-17.25,1
406,TY01,-179.8482333,180.1517667,-18.99895,7.6,WCS Fiji,180.0833333,-19,1
407,TY02,-179.84985,180.15015,-18.99918333,10.03,WCS Fiji,180.0833333,-19,1
408,TY04,-179.8485667,180.1514333,-19.00278333,11.52,WCS Fiji,180.0833333,-19,1
409,TY06,-179.8502833,180.1497167,-18.99221667,6.5,WCS Fiji,180.0833333,-19,1
410,TY08,-179.8363333,180.1636667,-19.00211667,10.1,WCS Fiji,180.0833333,-19,1
411,TY10,-179.8595667,180.1404333,-19.00768333,8,WCS Fiji,180.0833333,-19,1
412,TY12,-179.9563889,180.0436111,-19.20944444,9.88,WCS Fiji,180.0436111,-19.20944444,0
413,TY13,-179.8567167,180.1432833,-18.99095,8.42,WCS Fiji,180.0833333,-19,1
414,TY15,-179.85595,180.14405,-18.99406667,10.68,WCS Fiji,180.0833333,-19,1
415,UP01,179.98643,179.98643,-16.12494,10.3,Fiji Ministry of Fisheries,179.98643,-16.12494,0
416,UP02,-179.94705,180.05295,-16.1057,13,Fiji Ministry of Fisheries,180.05295,-16.1057,0
417,V1,179.3944,179.3944,-17.2403,3.9,WCS Fiji,179.3333333,-17.25,1
418,V2,179.3613,179.3613,-17.2263,6.67,WCS Fiji,179.3613,-17.2263,0
419,V3,179.3589,179.3589,-17.2569,3.97,WCS Fiji,179.3589,-17.2569,0
420,V4,179.3447,179.3447,-17.2554,7.17,WCS Fiji,179.3447,-17.2554,0
421,V5,179.3503,179.3503,-17.2665,6.2,WCS Fiji,179.3503,-17.2665,0
422,V6,179.3525,179.3525,-17.2801,5.7,WCS Fiji,179.3525,-17.2801,0
423,Vatu01,-179.53204,180.46796,-17.43846,1,WCS Fiji,180.46796,-17.43846,0
424,Vatu02,-179.54608,180.45392,-17.44287,11,WCS Fiji,180.45392,-17.44287,0
425,Vatu03,-179.549,180.451,-17.43134,9.97,WCS Fiji,180.451,-17.43134,0
426,Vatu04,-179.5347,180.4653,-17.41956,10,WCS Fiji,180.4653,-17.41956,0
427,Vatu05,-179.5182,180.4818,-17.43272,10.67,WCS Fiji,180.4818,-17.43272,0
428,Vatu06,-179.52986,180.47014,-17.44051,10,WCS Fiji,180.47014,-17.44051,0
429,VIR1,178.4793,178.4793,-17.2792,8.77,WCS Fiji,178.4793,-17.2792,0
430,VIR1,178.4793,178.4793,-17.2792,6.93,WCS Fiji,178.4793,-17.2792,0
431,VIR10,178.4892,178.4892,-17.4785,8.37,WCS Fiji,178.4892,-17.4785,0
432,VIR11,178.4398,178.4398,-17.3589,7.42,WCS Fiji,178.4398,-17.3589,0
433,VIR2,178.4637,178.4637,-17.2764,8.38,WCS Fiji,178.4637,-17.2764,0
434,VIR3,178.4553,178.4553,-17.2878,8.43,WCS Fiji,178.4553,-17.2878,0
435,VIR4,178.4402,178.4402,-17.30956,9.62,WCS Fiji,178.4402,-17.30956,0
436,VIR5,178.4642,178.4642,-17.3133,8.15,WCS Fiji,178.4642,-17.3133,0
437,VIR6,178.4942,178.4942,-17.4611,10.62,WCS Fiji,178.4942,-17.4611,0
438,VIR7,178.4983,178.4983,-17.4466,10.07,WCS Fiji,178.4983,-17.4466,0
439,VIR8,178.4863,178.4863,-17.4249,8.87,WCS Fiji,178.4863,-17.4249,0
440,VIR9,178.4646,178.4646,-17.3871,8.17,WCS Fiji,178.4646,-17.3871,0
441,VUY15,178.667442,178.667442,-16.972667,5.17,WCS Fiji,178.667442,-16.972667,0
442,VUY16,178.681216,178.681216,-16.997092,6.83,WCS Fiji,178.681216,-16.997092,0
443,VUY17,178.678069,178.678069,-16.999771,5.3,WCS Fiji,178.678069,-16.999771,0
444,VUY18,178.65018,178.65018,-16.960078,1.5,WCS Fiji,178.65018,-16.960078,0
445,WaiE2,178.66299,178.66299,-17.812001,7.33,WCS Fiji,178.66299,-17.812001,0
446,WaiE3,178.689001,178.689001,-17.782001,5.3,WCS Fiji,178.689001,-17.782001,0
447,WaiE4,178.6909,178.6909,-17.78621,5.9,WCS Fiji,178.6909,-17.78621,0
448,WaiE5,178.645001,178.645001,-17.780001,6.03,WCS Fiji,178.645001,-17.780001,0
449,WaiE6,178.64542,178.64542,-17.78236,5.83,WCS Fiji,178.64542,-17.78236,0
450,WAL001,179.0647709,179.0647709,-16.82239513,1,WCS Fiji,179.0647709,-16.82239513,0
451,WAL002,179.0824204,179.0824204,-16.8264681,6.13,WCS Fiji,179.0824204,-16.8264681,0
452,WAL003,179.091381,179.091381,-16.8308126,1,WCS Fiji,179.091381,-16.8308126,0
453,WAL004,179.1163619,179.1163619,-16.84357458,7.87,WCS Fiji,179.1163619,-16.84357458,0
454,WAL007,179.1202915,179.1202915,-16.83297175,6.4,WCS Fiji,179.1202915,-16.83297175,0
455,WAL008,179.1349619,179.1349619,-16.83649677,6,WCS Fiji,179.1349619,-16.83649677,0
456,WAL009,179.1350975,179.1350975,-16.82454117,1,WCS Fiji,179.1350975,-16.82454117,0
457,WAL010,179.1188595,179.1188595,-16.82145165,6.77,WCS Fiji,179.1188595,-16.82145165,0
458,WAL012,179.1109312,179.1109312,-16.80067262,1.2,WCS Fiji,179.1109312,-16.80067262,0
459,WAL013,179.1541047,179.1541047,-16.82945495,7.67,WCS Fiji,179.1541047,-16.82945495,0
460,WAL014,179.1516609,179.1516609,-16.8264681,1.3,WCS Fiji,179.1516609,-16.8264681,0
461,WAL015,179.1413428,179.1413428,-16.81289153,3.8,WCS Fiji,179.1413428,-16.81289153,0
462,WAL016,179.1663236,179.1663236,-16.82701116,1.2,WCS Fiji,179.1663236,-16.82701116,0
463,WAL017,179.1760988,179.1760988,-16.82673963,7.5,WCS Fiji,179.1760988,-16.82673963,0
464,WAL018,179.1999935,179.1999935,-16.82518009,6.8,WCS Fiji,179.1999935,-16.82518009,0
465,WAL019,179.1593566,179.1593566,-16.8160516,6.3,WCS Fiji,179.1593566,-16.8160516,0
466,WAL020,179.1493956,179.1493956,-16.79924293,5.3,WCS Fiji,179.1493956,-16.79924293,0
467,WAL021,179.1470449,179.1470449,-16.79469892,1.6,WCS Fiji,179.1470449,-16.79469892,0
468,WAL022,179.1525273,179.1525273,-16.78872577,1.3,WCS Fiji,179.1525273,-16.78872577,0
469,WAL023,179.1288523,179.1288523,-16.79144055,1,WCS Fiji,179.1288523,-16.79144055,0
470,WAL024,179.1204348,179.1204348,-16.78953983,6.5,WCS Fiji,179.0833333,-16.83333333,1
471,WAL025,179.1234217,179.1234217,-16.77297641,5,WCS Fiji,179.1666667,-16.75,1
472,WAL026,179.130753,179.130753,-16.76455894,1.5,WCS Fiji,179.130753,-16.76455894,0
473,WAL027,179.1386274,179.1386274,-16.76401587,1,WCS Fiji,179.1386274,-16.76401587,0
474,WAL028,179.1462303,179.1462303,-16.77053263,7.27,WCS Fiji,179.1462303,-16.77053263,0
475,WAL029,179.1565485,179.1565485,-16.76890344,7.33,WCS Fiji,179.1565485,-16.76890344,0
476,WAL030,179.1432435,179.1432435,-16.7599429,2,WCS Fiji,179.1432435,-16.7599429,0
477,WAL031,179.1505874,179.1505874,-16.75652101,7.2,WCS Fiji,179.1505874,-16.75652101,0
478,WAL032,179.1573631,179.1573631,-16.75315462,5,WCS Fiji,179.1573631,-16.75315462,0
479,WAL034,179.1619791,179.1619791,-16.74690939,1,WCS Fiji,179.1619791,-16.74690939,0
480,WAL035,179.1883177,179.1883177,-16.75016777,1.3,WCS Fiji,179.1883177,-16.75016777,0
481,WAL036,179.1817143,179.1817143,-16.75107066,1.4,WCS Fiji,179.1817143,-16.75107066,0
482,WAL037,179.1766418,179.1766418,-16.74745246,6.5,WCS Fiji,179.1766418,-16.74745246,0
483,WAL038,179.1676813,179.1676813,-16.74283642,1,WCS Fiji,179.1676813,-16.74283642,0
484,WAL039,179.177728,179.177728,-16.74012111,5.5,WCS Fiji,179.177728,-16.74012111,0
485,WAL040,179.1729849,179.1729849,-16.72676362,1,WCS Fiji,179.1729849,-16.72676362,0
486,WAL041,179.1866885,179.1866885,-16.717584,1,WCS Fiji,179.1866885,-16.717584,0
487,WAL042,179.1961921,179.1961921,-16.70998112,5.93,WCS Fiji,179.1961921,-16.70998112,0
488,WAL043,179.204338,179.204338,-16.70482202,2.93,WCS Fiji,179.1666667,-16.75,1
489,WAL045,179.2181861,179.2181861,-16.70279199,6.4,WCS Fiji,179.25,-16.75,1
490,WAL046,179.229569,179.229569,-16.70524824,6.9,WCS Fiji,179.25,-16.75,1
491,WAL047,179.2409948,179.2409948,-16.70237824,1,WCS Fiji,179.25,-16.75,1
492,WAL049,179.129152,179.129152,-16.786569,6.7,WCS Fiji,179.129152,-16.786569,0
493,WAL105,179.116745,179.116745,-16.837303,1,WCS Fiji,179.116745,-16.837303,0
494,WAL106,179.11005,179.11005,-16.840114,6.2,WCS Fiji,179.11005,-16.840114,0
495,WAL111,179.092997,179.092997,-16.806726,7.07,WCS Fiji,179.092997,-16.806726,0
496,WAL133,179.175588,179.175588,-16.761814,7.23,WCS Fiji,179.175588,-16.761814,0
497,WAL144,179.212374,179.212374,-16.704657,4,WCS Fiji,179.25,-16.75,1
498,WAN001,178.849718,178.849718,-16.91580194,7.27,WCS Fiji,178.849718,-16.91580194,0
499,WAN002,178.8459166,178.8459166,-16.91037131,1.23,WCS Fiji,178.8459166,-16.91037131,0
500,WAN003,178.8565151,178.8565151,-16.9060422,1,WCS Fiji,178.8565151,-16.9060422,0
501,WAN005,178.8524333,178.8524333,-16.8921787,1,WCS Fiji,178.8524333,-16.8921787,0
502,WAN006,178.8611223,178.8611223,-16.89109258,4.4,WCS Fiji,178.8611223,-16.89109258,0
503,WAN007,178.910609,178.910609,-16.933791,8.7,WCS Fiji,178.910609,-16.933791,0
504,WAN008,178.9004944,178.9004944,-16.93290842,6.6,WCS Fiji,178.9004944,-16.93290842,0
505,WAN009,178.9021558,178.9021558,-16.92458971,1.3,WCS Fiji,178.9021558,-16.92458971,0
506,WAN010,178.8684537,178.8684537,-16.88403276,1,WCS Fiji,178.8684537,-16.88403276,0
507,WAN011,178.8861032,178.8861032,-16.88403276,3,WCS Fiji,178.8861032,-16.88403276,0
508,WAN012,178.8901762,178.8901762,-16.88701961,1.4,WCS Fiji,178.8901762,-16.88701961,0
509,WAN013,178.8863748,178.8863748,-16.87642988,1,WCS Fiji,178.8863748,-16.87642988,0
510,WAN016,178.8996798,178.8996798,-16.90141077,1,WCS Fiji,178.8996798,-16.90141077,0
511,WAN017,178.899512,178.899512,-16.89760933,1,WCS Fiji,178.899512,-16.89760933,0
512,WAN022,178.937061,178.937061,-16.901006,1.2,WCS Fiji,178.937061,-16.901006,0
513,WAN023,178.936065,178.936065,-16.90385455,1.3,WCS Fiji,178.936065,-16.90385455,0
514,WAN024,178.9338928,178.9338928,-16.90982825,1,WCS Fiji,178.9338928,-16.90982825,0
515,WAN025,178.9433964,178.9433964,-16.9120005,5,WCS Fiji,178.9433964,-16.9120005,0
516,WAN026,178.9512708,178.9512708,-16.91227203,1,WCS Fiji,178.9512708,-16.91227203,0
517,WAN027,178.9542576,178.9542576,-16.91906031,1,WCS Fiji,178.9542576,-16.91906031,0
518,WAN028,178.9634897,178.9634897,-16.93643832,1,WCS Fiji,178.9634897,-16.93643832,0
519,WAN104,178.853935,178.853935,-16.900938,1,WCS Fiji,178.853935,-16.900938,0
520,WAN118,178.899999,178.899999,-16.886173,1.2,WCS Fiji,178.899999,-16.886173,0
521,WAN119,178.909496,178.909496,-16.89274,1.3,WCS Fiji,178.909496,-16.89274,0
522,WR,177.32,177.32,-16.95368,10,Marine Ecology Consulting Fiji,177.32,-16.95368,0
523,YA01,177.31938,177.31938,-16.96129,10,Fiji Ministry of Fisheries,177.3333333,-16.91666667,1
524,YA02,177.319972,177.319972,-16.953694,9,Fiji Ministry of Fisheries,177.319972,-16.953694,0
525,YA03,177.357667,177.357667,-16.918,10,Fiji Ministry of Fisheries,177.357667,-16.918,0
526,YA04,177.385417,177.385417,-16.914056,13,Fiji Ministry of Fisheries,177.3333333,-16.91666667,1
527,YA05,177.387278,177.387278,-16.875722,10,Fiji Ministry of Fisheries,177.4166667,-16.83333333,1
528,YA06,177.400219,177.400219,-16.885161,12.9,Fiji Ministry of Fisheries,177.4166667,-16.83333333,1
529,YA07,177.358101,177.358101,-17.007427,10,Fiji Ministry of Fisheries,177.4166667,-17,1
530,YA08,177.352197,177.352197,-17.015995,10,Fiji Ministry of Fisheries,177.4166667,-17,1
531,YA09,177.350759,177.350759,-17.014933,10,Fiji Ministry of Fisheries,177.4166667,-17,1
532,YA10,177.337232,177.337232,-17.0071615,6,Fiji Ministry of Fisheries,177.3333333,-17.08333333,1
533,Yac01,-179.55023,180.44977,-17.25782,10.5,WCS Fiji,180.44977,-17.25782,0
534,Yac02,-179.53789,180.46211,-17.26277,11,WCS Fiji,180.46211,-17.26277,0
535,Yac03,-179.50087,180.49913,-17.26381,10.17,WCS Fiji,180.49913,-17.26381,0
536,Yac04,-179.48424,180.51576,-17.2665,10.1,WCS Fiji,180.51576,-17.2665,0
537,Yac05,-179.5032,180.4968,-17.25255,3.4,WCS Fiji,180.4968,-17.25255,0
538,Yac06,-179.52521,180.47479,-17.23642,9.67,WCS Fiji,180.47479,-17.23642,0
539,Yac07,-179.51791,180.48209,-17.24219,9.53,WCS Fiji,180.48209,-17.24219,0
540,Yac08,-179.50404,180.49596,-17.23875,9.8,WCS Fiji,180.49596,-17.23875,0
541,Yac09,-179.49728,180.50272,-17.23876,11.13,WCS Fiji,180.50272,-17.23876,0
542,Yac11,-179.49187,180.50813,-17.26002,4.43,WCS Fiji,180.50813,-17.26002,0
543,Yac13,-179.54135,180.45865,-17.2482,10.5,WCS Fiji,180.45865,-17.2482,0
544,Yac15,-179.53996,180.46004,-17.24652,9.5,WCS Fiji,180.46004,-17.24652,0
545,Yac16,-179.5475,180.4525,-17.25345,8.9,WCS Fiji,180.4525,-17.25345,0
546,Yac17,-179.548873,180.451127,-17.26403,1,WCS Fiji,180.451127,-17.26403,0
547,Yac18,-179.53899,180.46101,-17.26258,1.9,WCS Fiji,180.46101,-17.26258,0
548,Yac19,-179.47536,180.52464,-17.26797,8.83,WCS Fiji,180.52464,-17.26797,0
549,Yac20,-179.5497,180.4503,-17.26024,10,WCS Fiji,180.4503,-17.26024,0
550,Yac21,-179.53142,180.46858,-17.27197,9.9,WCS Fiji,180.46858,-17.27197,0
551,YD01,178.324889,178.324889,-16.800117,12,Fiji Ministry of Fisheries,178.324889,-16.800117,0
552,YD02,178.308611,178.308611,-16.796583,10,Fiji Ministry of Fisheries,178.308611,-16.796583,0
553,YD03,178.275611,178.275611,-16.807389,6,Fiji Ministry of Fisheries,178.275611,-16.807389,0
554,YD04,178.274,178.274,-16.829139,10,Fiji Ministry of Fisheries,178.274,-16.829139,0
555,YD05,178.327778,178.327778,-16.835083,10,Fiji Ministry of Fisheries,178.327778,-16.835083,0
556,YD06,178.319667,178.319667,-16.852333,10,Fiji Ministry of Fisheries,178.319667,-16.852333,0
557,YQ01,178.67955,178.67955,-16.50346,10,Fiji Ministry of Fisheries,178.67955,-16.50346,0
558,YQ02,178.63327,178.63327,-16.57648,10,Fiji Ministry of Fisheries,178.63327,-16.57648,0
559,YQ04,178.751384,178.751384,-16.505479,8.67,Fiji Ministry of Fisheries,178.751384,-16.505479,0